Name	Sequence Name	Minimum	Maximum	Length	Direction
Measels WT 2 probe	OQ096283 - M gene	421	451	31	reverse
Measels WT 2 probe	LC789940 - M gene	421	451	31	reverse
Measels WT 2 probe	LC769207 - M gene	421	451	31	reverse
Measels WT 2 probe	OQ096337 - M gene	421	451	31	reverse
Measels WT 2 probe	OQ096334 - M gene	421	451	31	reverse
Measels WT 2 probe	OR805841 - M gene	421	451	31	reverse
Measels WT 2 probe	PP101943 - M gene	421	451	31	reverse
Measels WT 2 probe	PP101942 - M gene	421	451	31	reverse
Measels WT 2 probe	OQ096336 - M gene	421	451	31	reverse
Measels WT 2 probe	OQ096335 - M gene	421	451	31	reverse
Measels WT 2 probe	OQ096265 - M gene	421	451	31	reverse
Measels WT 2 probe	OQ096333 - M gene	421	451	31	reverse
Measels WT 2 probe	OP609665 - M gene	421	451	31	reverse
Measels WT 2 probe	OQ096319 - M gene	421	451	31	reverse
Measels WT 2 probe	OQ096314 - M gene	421	451	31	reverse
Measels WT 2 probe	OQ096313 - M gene	421	451	31	reverse
Measels WT 2 probe	OQ096311 - M gene	421	451	31	reverse
Measels WT 2 probe	OQ096309 - M gene	421	451	31	reverse
Measels WT 2 probe	OQ096307 - M gene	421	451	31	reverse
Measels WT 2 probe	OQ096306 - M gene	421	451	31	reverse
Measels WT 2 probe	OQ096296 - M gene	421	451	31	reverse
Measels WT 2 probe	OQ096279 - M gene	421	451	31	reverse
Measels WT 2 probe	OQ096328 - M gene	421	451	31	reverse
Measels WT 2 probe	OQ096305 - M gene	421	451	31	reverse
Measels WT 2 probe	OR830038 - M gene	421	451	31	reverse
Measels WT 2 probe	OR830036 - M gene	421	451	31	reverse
Measels WT 2 probe	OR830035 - M gene	421	451	31	reverse
Measels WT 2 probe	OR830034 - M gene	421	451	31	reverse
Measels WT 2 probe	OR830031 - M gene	421	451	31	reverse
Measels WT 2 probe	OR830037 - M gene	421	451	31	reverse
Measels WT 2 probe	OR453544 - M gene	421	451	31	reverse
Measels WT 2 probe	OQ096331 - M gene	421	451	31	reverse
Measels WT 2 probe	OR830032 - M gene	421	451	31	reverse
Measels WT 2 probe	OR830033 - M gene	421	451	31	reverse
Measels WT 2 probe	OR453543 - M gene	421	451	31	reverse
Measels WT 2 probe	OR453542 - M gene	421	451	31	reverse
Measels WT 2 probe	OP609657 - M gene	421	451	31	reverse
Measels WT 2 probe	OQ096303 - M gene	421	451	31	reverse
Measels WT 2 probe	PQ481505 - M gene	421	451	31	reverse
Measels WT 2 probe	OQ096308 - M gene	421	451	31	reverse
Measels WT 2 probe	OQ096301 - M gene	421	451	31	reverse
Measels WT 2 probe	OQ096300 - M gene	421	451	31	reverse
Measels WT 2 probe	OP609668 - M gene	421	451	31	reverse
Measels WT 2 probe	OP609667 - M gene	421	451	31	reverse
Measels WT 2 probe	OP609666 - M gene	421	451	31	reverse
Measels WT 2 probe	OQ096269 - M gene	421	451	31	reverse
Measels WT 2 probe	OQ096272 - M gene	421	451	31	reverse
Measels WT 2 probe	OQ096271 - M gene	421	451	31	reverse
Measels WT 2 probe	PQ481507 - M gene	421	451	31	reverse
Measels WT 2 probe	OQ096338 - M gene	421	451	31	reverse
Measels WT 2 probe	OQ096274 - M gene	421	451	31	reverse
Measels WT 2 probe	OQ096273 - M gene	421	451	31	reverse
Measels WT 2 probe	PQ287422 - M gene	421	451	31	reverse
Measels WT 2 probe	PQ287421 - M gene	421	451	31	reverse
Measels WT 2 probe	OQ096295 - M gene	421	451	31	reverse
Measels WT 2 probe	OQ096267 - M gene	421	451	31	reverse
Measels WT 2 probe	OP609647 - M gene	421	451	31	reverse
Measels WT 2 probe	OQ096291 - M gene	421	451	31	reverse
Measels WT 2 probe	OQ096289 - M gene	421	451	31	reverse
Measels WT 2 probe	OQ096287 - M gene	421	451	31	reverse
Measels WT 2 probe	OP609652 - M gene	421	451	31	reverse
Measels WT 2 probe	OQ096329 - M gene	421	451	31	reverse
Measels WT 2 probe	OQ096327 - M gene	421	451	31	reverse
Measels WT 2 probe	OQ096326 - M gene	421	451	31	reverse
Measels WT 2 probe	OQ096324 - M gene	421	451	31	reverse
Measels WT 2 probe	OP609664 - M gene	421	451	31	reverse
Measels WT 2 probe	OP609662 - M gene	421	451	31	reverse
Measels WT 2 probe	OP609661 - M gene	421	451	31	reverse
Measels WT 2 probe	PQ481506 - M gene	421	451	31	reverse
Measels WT 2 probe	OQ096323 - M gene	421	451	31	reverse
Measels WT 2 probe	OQ096317 - M gene	421	451	31	reverse
Measels WT 2 probe	OQ096312 - M gene	421	451	31	reverse
Measels WT 2 probe	OQ096294 - M gene	421	451	31	reverse
Measels WT 2 probe	OQ096290 - M gene	421	451	31	reverse
Measels WT 2 probe	OQ096288 - M gene	421	451	31	reverse
Measels WT 2 probe	OQ096286 - M gene	421	451	31	reverse
Measels WT 2 probe	OQ096284 - M gene	421	451	31	reverse
Measels WT 2 probe	OQ096281 - M gene	421	451	31	reverse
Measels WT 2 probe	OQ096270 - M gene	421	451	31	reverse
Measels WT 2 probe	OQ096268 - M gene	421	451	31	reverse
Measels WT 2 probe	PQ481504 - M gene	421	451	31	reverse
Measels WT 2 probe	OP609663 - M gene	421	451	31	reverse
Measels WT 2 probe	OP609660 - M gene	421	451	31	reverse
Measels WT 2 probe	OP609659 - M gene	421	451	31	reverse
Measels WT 2 probe	OP609658 - M gene	421	451	31	reverse
Measels WT 2 probe	OP609649 - M gene	421	451	31	reverse
Measels WT 2 probe	OP609648 - M gene	421	451	31	reverse
Measels WT 2 probe	OP236022 - M gene	421	451	31	reverse
Measels WT 2 probe	OQ096332 - M gene	421	451	31	reverse
Measels WT 2 probe	OQ096292 - M gene	421	451	31	reverse
Measels WT 2 probe	PQ786225 - M gene	421	451	31	reverse
Measels WT 2 probe	PQ786273 - M gene	421	451	31	reverse
Measels WT 2 probe	PQ786257 - M gene	421	451	31	reverse
Measels WT 2 probe	PQ786261 - M gene	421	451	31	reverse
Measels WT 2 probe	PQ786218 - M gene	421	451	31	reverse
Measels WT 2 probe	PQ786219 - M gene	421	451	31	reverse
Measels WT 2 probe	PQ786214 - M gene	421	451	31	reverse
Measels WT 2 probe	PQ786226 - M gene	421	451	31	reverse
Measels WT 2 probe	PQ786187 - M gene	421	451	31	reverse
Measels WT 2 probe	PQ786215 - M gene	421	451	31	reverse
Measels WT 2 probe	PQ786180 - M gene	421	451	31	reverse
Measels WT 2 probe	PP998306 - M gene	421	451	31	reverse
Measels WT 2 probe	PQ786263 - M gene	421	451	31	reverse
Measels WT 2 probe	PQ786235 - M gene	421	451	31	reverse
Measels WT 2 probe	PQ786181 - M gene	421	451	31	reverse
Measels WT 2 probe	PQ786234 - M gene	421	451	31	reverse
Measels WT 2 probe	PQ786242 - M gene	421	451	31	reverse
Measels WT 2 probe	PQ786272 - M gene	421	451	31	reverse
Measels WT 2 probe	PQ786271 - M gene	421	451	31	reverse
Measels WT 2 probe	PQ786269 - M gene	421	451	31	reverse
Measels WT 2 probe	PQ786268 - M gene	421	451	31	reverse
Measels WT 2 probe	PQ786265 - M gene	421	451	31	reverse
Measels WT 2 probe	PQ786262 - M gene	421	451	31	reverse
Measels WT 2 probe	PQ786260 - M gene	421	451	31	reverse
Measels WT 2 probe	PQ786259 - M gene	421	451	31	reverse
Measels WT 2 probe	PQ786258 - M gene	421	451	31	reverse
Measels WT 2 probe	PQ786255 - M gene	421	451	31	reverse
Measels WT 2 probe	PQ786253 - M gene	421	451	31	reverse
Measels WT 2 probe	PQ786252 - M gene	421	451	31	reverse
Measels WT 2 probe	PQ786250 - M gene	421	451	31	reverse
Measels WT 2 probe	PQ786249 - M gene	421	451	31	reverse
Measels WT 2 probe	PQ786248 - M gene	421	451	31	reverse
Measels WT 2 probe	PQ786245 - M gene	421	451	31	reverse
Measels WT 2 probe	PQ786244 - M gene	421	451	31	reverse
Measels WT 2 probe	PQ786243 - M gene	421	451	31	reverse
Measels WT 2 probe	PQ786241 - M gene	421	451	31	reverse
Measels WT 2 probe	PQ786240 - M gene	421	451	31	reverse
Measels WT 2 probe	PQ786238 - M gene	421	451	31	reverse
Measels WT 2 probe	PQ786236 - M gene	421	451	31	reverse
Measels WT 2 probe	PQ786231 - M gene	421	451	31	reverse
Measels WT 2 probe	PQ786230 - M gene	421	451	31	reverse
Measels WT 2 probe	PQ786229 - M gene	421	451	31	reverse
Measels WT 2 probe	PQ786228 - M gene	421	451	31	reverse
Measels WT 2 probe	PQ786227 - M gene	421	451	31	reverse
Measels WT 2 probe	PQ786267 - M gene	421	451	31	reverse
Measels WT 2 probe	PQ786266 - M gene	421	451	31	reverse
Measels WT 2 probe	PQ786264 - M gene	421	451	31	reverse
Measels WT 2 probe	PQ786256 - M gene	421	451	31	reverse
Measels WT 2 probe	PQ786254 - M gene	421	451	31	reverse
Measels WT 2 probe	PQ786251 - M gene	421	451	31	reverse
Measels WT 2 probe	PQ786247 - M gene	421	451	31	reverse
Measels WT 2 probe	PQ786246 - M gene	421	451	31	reverse
Measels WT 2 probe	PQ786239 - M gene	421	451	31	reverse
Measels WT 2 probe	PQ786237 - M gene	421	451	31	reverse
Measels WT 2 probe	PQ786233 - M gene	421	451	31	reverse
Measels WT 2 probe	PQ786232 - M gene	421	451	31	reverse
Measels WT 2 probe	PQ786212 - M gene	421	451	31	reverse
Measels WT 2 probe	PQ786208 - M gene	421	451	31	reverse
Measels WT 2 probe	PQ786207 - M gene	421	451	31	reverse
Measels WT 2 probe	PQ786204 - M gene	421	451	31	reverse
Measels WT 2 probe	PQ786201 - M gene	421	451	31	reverse
Measels WT 2 probe	PQ786198 - M gene	421	451	31	reverse
Measels WT 2 probe	PQ786270 - M gene	421	451	31	reverse
Measels WT 2 probe	PQ786211 - M gene	421	451	31	reverse
Measels WT 2 probe	PQ786210 - M gene	421	451	31	reverse
Measels WT 2 probe	PQ786209 - M gene	421	451	31	reverse
Measels WT 2 probe	PQ786206 - M gene	421	451	31	reverse
Measels WT 2 probe	PQ786205 - M gene	421	451	31	reverse
Measels WT 2 probe	PQ786203 - M gene	421	451	31	reverse
Measels WT 2 probe	PQ786202 - M gene	421	451	31	reverse
Measels WT 2 probe	PQ786200 - M gene	421	451	31	reverse
Measels WT 2 probe	PQ786199 - M gene	421	451	31	reverse
Measels WT 2 probe	PQ786197 - M gene	421	451	31	reverse
Measels WT 2 probe	PQ786196 - M gene	421	451	31	reverse
Measels WT 2 probe	PQ786195 - M gene	421	451	31	reverse
Measels WT 2 probe	PQ786194 - M gene	421	451	31	reverse
Measels WT 2 probe	PQ453569 - M gene	421	451	31	reverse
Measels WT 2 probe	PQ786191 - M gene	421	451	31	reverse
Measels WT 2 probe	PQ786190 - M gene	421	451	31	reverse
Measels WT 2 probe	PQ786185 - M gene	421	451	31	reverse
Measels WT 2 probe	PQ786217 - M gene	421	451	31	reverse
Measels WT 2 probe	PQ786216 - M gene	421	451	31	reverse
Measels WT 2 probe	OR854811 - M gene	421	451	31	reverse
Measels WT 2 probe	PQ786224 - M gene	421	451	31	reverse
Measels WT 2 probe	PQ786223 - M gene	421	451	31	reverse
Measels WT 2 probe	PQ786222 - M gene	421	451	31	reverse
Measels WT 2 probe	PQ786221 - M gene	421	451	31	reverse
Measels WT 2 probe	PQ786220 - M gene	421	451	31	reverse
Measels WT 2 probe	PQ786193 - M gene	421	451	31	reverse
Measels WT 2 probe	PQ786192 - M gene	421	451	31	reverse
Measels WT 2 probe	PQ786188 - M gene	421	451	31	reverse
Measels WT 2 probe	PQ786186 - M gene	421	451	31	reverse
Measels WT 2 probe	PQ786183 - M gene	421	451	31	reverse
Measels WT 2 probe	PQ786213 - M gene	421	451	31	reverse
Measels WT 2 probe	PQ786184 - M gene	421	451	31	reverse
Measels WT 2 probe	PQ786182 - M gene	421	451	31	reverse
Measels WT 2 probe	PQ786189 - M gene	421	451	31	reverse
Measels WT 2 probe	OR805842 - M gene	421	451	31	reverse
Measels WT 2 probe	OR805844 - M gene	421	451	31	reverse
Measels WT 2 probe	OR805843 - M gene	421	451	31	reverse
Measels WT 2 probe	OP609650 - M gene	421	451	31	reverse
Measels WT 2 probe	OQ096318 - M gene	421	451	31	reverse
Measels WT 2 probe	OP609651 - M gene	421	451	31	reverse
Measels WT 2 probe	OQ096302 - M gene	421	451	31	reverse
Measels WT 2 probe	OP609656 - M gene	421	451	31	reverse
Measels WT 2 probe	OP609655 - M gene	421	451	31	reverse
Measels WT 2 probe	OP609654 - M gene	421	451	31	reverse
Measels WT 2 probe	OP609653 - M gene	421	451	31	reverse
Measels WT 2 probe	PP868388 - M gene	421	451	31	reverse
Measels WT 2 probe	PP626047 - M gene	421	451	31	reverse
Measels WT 2 probe	LC789941 - M gene	421	451	31	reverse
Measels WT 2 probe	LC848731 - M gene	421	451	31	reverse
Measels WT 2 probe	LC848730 - M gene	421	451	31	reverse
Measels WT 2 probe	LC848729 - M gene	421	451	31	reverse
Measels WT 2 probe	LC848728 - M gene	421	451	31	reverse
Measels WT 2 probe	LC848727 - M gene	421	451	31	reverse
Measels WT 2 probe	LC848726 - M gene	421	451	31	reverse
Measels WT 2 probe	PQ590060 - M gene	421	451	31	reverse
Measels WT 2 probe	PQ786170 - M gene	421	451	31	reverse
Measels WT 2 probe	PQ786168 - M gene	421	451	31	reverse
Measels WT 2 probe	PQ786177 - M gene	421	451	31	reverse
Measels WT 2 probe	PQ786173 - M gene	421	451	31	reverse
Measels WT 2 probe	PQ786155 - M gene	421	451	31	reverse
Measels WT 2 probe	PP998308 - M gene	421	451	31	reverse
Measels WT 2 probe	PP998307 - M gene	421	451	31	reverse
Measels WT 2 probe	PP998305 - M gene	421	451	31	reverse
Measels WT 2 probe	PP887450 - M gene	421	451	31	reverse
Measels WT 2 probe	PQ786160 - M gene	421	451	31	reverse
Measels WT 2 probe	PQ786178 - M gene	421	451	31	reverse
Measels WT 2 probe	PQ786176 - M gene	421	451	31	reverse
Measels WT 2 probe	PQ786174 - M gene	421	451	31	reverse
Measels WT 2 probe	PQ786172 - M gene	421	451	31	reverse
Measels WT 2 probe	PQ786171 - M gene	421	451	31	reverse
Measels WT 2 probe	PQ786169 - M gene	421	451	31	reverse
Measels WT 2 probe	PQ786165 - M gene	421	451	31	reverse
Measels WT 2 probe	PQ786175 - M gene	421	451	31	reverse
Measels WT 2 probe	PQ786167 - M gene	421	451	31	reverse
Measels WT 2 probe	PQ786166 - M gene	421	451	31	reverse
Measels WT 2 probe	PQ786164 - M gene	421	451	31	reverse
Measels WT 2 probe	PQ786163 - M gene	421	451	31	reverse
Measels WT 2 probe	PQ786162 - M gene	421	451	31	reverse
Measels WT 2 probe	PQ786161 - M gene	421	451	31	reverse
Measels WT 2 probe	PQ786159 - M gene	421	451	31	reverse
Measels WT 2 probe	PQ786158 - M gene	421	451	31	reverse
Measels WT 2 probe	PQ786157 - M gene	421	451	31	reverse
Measels WT 2 probe	PQ786156 - M gene	421	451	31	reverse
Measels WT 2 probe	PQ786154 - M gene	421	451	31	reverse
Measels WT 2 probe	PQ786153 - M gene	421	451	31	reverse
Measels WT 2 probe	PQ786152 - M gene	421	451	31	reverse
Measels WT 2 probe	PQ786151 - M gene	421	451	31	reverse
Measels WT 2 probe	PQ786150 - M gene	421	451	31	reverse
Measels WT 2 probe	PQ786149 - M gene	421	451	31	reverse
Measels WT 2 probe	PQ786148 - M gene	421	451	31	reverse
Measels WT 2 probe	PQ786147 - M gene	421	451	31	reverse
Measels WT 2 probe	OP236012 - M gene	421	451	31	reverse
Measels WT 2 probe	OR290097 - M gene	421	451	31	reverse
Measels WT 2 probe	OR290102 - M gene	421	451	31	reverse
Measels WT 2 probe	OR290100 - M gene	421	451	31	reverse
Measels WT 2 probe	OR290101 - M gene	421	451	31	reverse
Measels WT 2 probe	OR290099 - M gene	421	451	31	reverse
Measels WT 2 probe	OR854812 - M gene	421	451	31	reverse
Measels WT 2 probe	OP236018 - M gene	421	451	31	reverse
Measels WT 2 probe	OP236021 - M gene	421	451	31	reverse
Measels WT 2 probe	OQ096298 - M gene	421	451	31	reverse
Measels WT 2 probe	OP236011 - M gene	421	451	31	reverse
Measels WT 2 probe	OP236014 - M gene	421	451	31	reverse
Measels WT 2 probe	OQ096282 - M gene	421	451	31	reverse
Measels WT 2 probe	OP236013 - M gene	421	451	31	reverse
Measels WT 2 probe	OQ096304 - M gene	421	451	31	reverse
Measels WT 2 probe	OP236015 - M gene	421	451	31	reverse
Measels WT 2 probe	OP236010 - M gene	421	451	31	reverse
Measels WT 2 probe	PP818854 - M gene	421	451	31	reverse
Measels WT 2 probe	OP236009 - M gene	421	451	31	reverse
Measels WT 2 probe	OP236017 - M gene	421	451	31	reverse
Measels WT 2 probe	OP236016 - M gene	421	451	31	reverse
Measels WT 2 probe	OP236020 - M gene	421	451	31	reverse
Measels WT 2 probe	OP236019 - M gene	421	451	31	reverse
Measels WT 2 probe	OQ096266 - M gene	421	451	31	reverse
Measels WT 2 probe	OQ096310 - M gene	421	451	31	reverse
Measels WT 2 probe	OQ096264 - M gene	421	451	31	reverse
Measels WT 2 probe	OQ096293 - M gene	421	451	31	reverse
Measels WT 2 probe	OQ096330 - M gene	421	451	31	reverse
Measels WT 2 probe	OQ096315 - M gene	421	451	31	reverse
Measels WT 2 probe	OQ096339 - M gene	421	451	31	reverse
Measels WT 2 probe	OQ096321 - M gene	421	451	31	reverse
Measels WT 2 probe	OQ096299 - M gene	421	451	31	reverse
Measels WT 2 probe	OQ096320 - M gene	421	451	31	reverse
Measels WT 2 probe	OQ096325 - M gene	421	451	31	reverse
Measels WT 2 probe	OQ096316 - M gene	421	451	31	reverse
Measels WT 2 probe	OR750917 - M gene	421	451	31	reverse
Measels WT 2 probe	PQ069064 - M gene	421	451	31	reverse
Measels WT 2 probe	PQ287420 - M gene	421	451	31	reverse
Measels WT 2 probe	OP314496 - M gene	421	451	31	reverse
Measels WT 2 probe	OP314495 - M gene	421	451	31	reverse
Measels WT 2 probe	OP314494 - M gene	421	451	31	reverse
Measels WT 2 probe	OP314492 - M gene	421	451	31	reverse
Measels WT 2 probe	OP314490 - M gene	421	451	31	reverse
Measels WT 2 probe	OP314487 - M gene	421	451	31	reverse
Measels WT 2 probe	OP314484 - M gene	421	451	31	reverse
Measels WT 2 probe	OP314478 - M gene	421	451	31	reverse
Measels WT 2 probe	OR854813 - M gene	421	451	31	reverse
Measels WT 2 probe	OQ096297 - M gene	421	451	31	reverse
Measels WT 2 probe	OQ096285 - M gene	421	451	31	reverse
Measels WT 2 probe	OP314485 - M gene	421	451	31	reverse
Measels WT 2 probe	PP446318 - M gene	421	451	31	reverse
Measels WT 2 probe	PP446317 - M gene	421	451	31	reverse
Measels WT 2 probe	OR290098 - M gene	421	451	31	reverse
Measels WT 2 probe	PQ287423 - M gene	421	451	31	reverse
Measels WT 2 probe	PQ287424 - M gene	421	451	31	reverse
Measels WT 2 probe	OQ096278 - M gene	421	451	31	reverse
Measels WT 2 probe	OQ096277 - M gene	421	451	31	reverse
Measels WT 2 probe	OQ096276 - M gene	421	451	31	reverse
Measels WT 2 probe	OQ096280 - M gene	421	451	31	reverse
Measels WT 2 probe	OQ096275 - M gene	421	451	31	reverse
Measels WT 2 probe	OQ096322 - M gene	421	451	31	reverse
Measels WT 2 probe	OP314518 - M gene	421	451	31	reverse
Measels WT 2 probe	OP314517 - M gene	421	451	31	reverse
Measels WT 2 probe	OP314516 - M gene	421	451	31	reverse
Measels WT 2 probe	OP314515 - M gene	421	451	31	reverse
Measels WT 2 probe	OP314514 - M gene	421	451	31	reverse
Measels WT 2 probe	OP314513 - M gene	421	451	31	reverse
Measels WT 2 probe	OP314512 - M gene	421	451	31	reverse
Measels WT 2 probe	OP314511 - M gene	421	451	31	reverse
Measels WT 2 probe	OP314510 - M gene	421	451	31	reverse
Measels WT 2 probe	OP314509 - M gene	421	451	31	reverse
Measels WT 2 probe	OP314508 - M gene	421	451	31	reverse
Measels WT 2 probe	OP314507 - M gene	421	451	31	reverse
Measels WT 2 probe	OP314506 - M gene	421	451	31	reverse
Measels WT 2 probe	OP314505 - M gene	421	451	31	reverse
Measels WT 2 probe	OP314504 - M gene	421	451	31	reverse
Measels WT 2 probe	OP314503 - M gene	421	451	31	reverse
Measels WT 2 probe	OP314502 - M gene	421	451	31	reverse
Measels WT 2 probe	OP314501 - M gene	421	451	31	reverse
Measels WT 2 probe	OP314500 - M gene	421	451	31	reverse
Measels WT 2 probe	OP314499 - M gene	421	451	31	reverse
Measels WT 2 probe	OP314498 - M gene	421	451	31	reverse
Measels WT 2 probe	OP314497 - M gene	421	451	31	reverse
Measels WT 2 probe	OP314493 - M gene	421	451	31	reverse
Measels WT 2 probe	OP314491 - M gene	421	451	31	reverse
Measels WT 2 probe	OP314489 - M gene	421	451	31	reverse
Measels WT 2 probe	OP314488 - M gene	421	451	31	reverse
Measels WT 2 probe	OP314486 - M gene	421	451	31	reverse
Measels WT 2 probe	OP314483 - M gene	421	451	31	reverse
Measels WT 2 probe	OP314482 - M gene	421	451	31	reverse
Measels WT 2 probe	OP314481 - M gene	421	451	31	reverse
Measels WT 2 probe	OP314480 - M gene	421	451	31	reverse
Measels WT 2 probe	OP314479 - M gene	421	451	31	reverse
Measels WT 2 probe	OP314477 - M gene	421	451	31	reverse
Measels WT 2 probe	MZ442613 - M gene	421	451	31	reverse
Measels WT 2 probe	MZ442614 - M gene	421	451	31	reverse
Measels WT 2 probe	MZ442626 - M gene	421	451	31	reverse
Measels WT 2 probe	MZ442625 - M gene	421	451	31	reverse
Measels WT 2 probe	MZ442627 - M gene	421	451	31	reverse
Measels WT 2 probe	MZ442618 - M gene	421	451	31	reverse
Measels WT 2 probe	MZ483930 - M gene	421	451	31	reverse
Measels WT 2 probe	MZ442623 - M gene	421	451	31	reverse
Measels WT 2 probe	MZ442622 - M gene	421	451	31	reverse
Measels WT 2 probe	MZ442621 - M gene	421	451	31	reverse
Measels WT 2 probe	MZ442620 - M gene	421	451	31	reverse
Measels WT 2 probe	MZ442619 - M gene	421	451	31	reverse
Measels WT 2 probe	MZ442624 - M gene	421	451	31	reverse
Measels WT 2 probe	MZ483896 - M gene	421	451	31	reverse
Measels WT 2 probe	MZ483937 - M gene	421	451	31	reverse
Measels WT 2 probe	MZ442617 - M gene	421	451	31	reverse
Measels WT 2 probe	MZ483944 - M gene	421	451	31	reverse
Measels WT 2 probe	MZ442616 - M gene	421	451	31	reverse
Measels WT 2 probe	MZ442615 - M gene	421	451	31	reverse
Measels WT 2 probe	MZ442628 - M gene	421	451	31	reverse
Measels WT 2 probe	MZ442635 - M gene	421	451	31	reverse
Measels WT 2 probe	MZ483924 - M gene	421	451	31	reverse
Measels WT 2 probe	MZ442631 - M gene	421	451	31	reverse
Measels WT 2 probe	MZ483933 - M gene	421	451	31	reverse
Measels WT 2 probe	MZ483897 - M gene	421	451	31	reverse
Measels WT 2 probe	MZ483927 - M gene	421	451	31	reverse
Measels WT 2 probe	MZ483883 - M gene	421	451	31	reverse
Measels WT 2 probe	MZ483914 - M gene	421	451	31	reverse
Measels WT 2 probe	MZ483886 - M gene	421	451	31	reverse
Measels WT 2 probe	MZ483928 - M gene	421	451	31	reverse
Measels WT 2 probe	MZ483908 - M gene	421	451	31	reverse
Measels WT 2 probe	MZ483916 - M gene	421	451	31	reverse
Measels WT 2 probe	MZ483901 - M gene	421	451	31	reverse
Measels WT 2 probe	MZ483904 - M gene	421	451	31	reverse
Measels WT 2 probe	MZ483903 - M gene	421	451	31	reverse
Measels WT 2 probe	MZ483912 - M gene	421	451	31	reverse
Measels WT 2 probe	MZ483911 - M gene	421	451	31	reverse
Measels WT 2 probe	MZ483910 - M gene	421	451	31	reverse
Measels WT 2 probe	MZ483909 - M gene	421	451	31	reverse
Measels WT 2 probe	MZ483902 - M gene	421	451	31	reverse
Measels WT 2 probe	MZ483900 - M gene	421	451	31	reverse
Measels WT 2 probe	MZ483899 - M gene	421	451	31	reverse
Measels WT 2 probe	MZ483898 - M gene	421	451	31	reverse
Measels WT 2 probe	MZ483913 - M gene	421	451	31	reverse
Measels WT 2 probe	MZ483888 - M gene	421	451	31	reverse
Measels WT 2 probe	MZ483887 - M gene	421	451	31	reverse
Measels WT 2 probe	MZ442630 - M gene	421	451	31	reverse
Measels WT 2 probe	MZ483942 - M gene	421	451	31	reverse
Measels WT 2 probe	MZ483940 - M gene	421	451	31	reverse
Measels WT 2 probe	MZ483917 - M gene	421	451	31	reverse
Measels WT 2 probe	MZ483915 - M gene	421	451	31	reverse
Measels WT 2 probe	MZ483907 - M gene	421	451	31	reverse
Measels WT 2 probe	MZ483905 - M gene	421	451	31	reverse
Measels WT 2 probe	MZ442634 - M gene	421	451	31	reverse
Measels WT 2 probe	MZ442633 - M gene	421	451	31	reverse
Measels WT 2 probe	MZ442632 - M gene	421	451	31	reverse
Measels WT 2 probe	MZ483938 - M gene	421	451	31	reverse
Measels WT 2 probe	MZ483943 - M gene	421	451	31	reverse
Measels WT 2 probe	MZ483939 - M gene	421	451	31	reverse
Measels WT 2 probe	MZ483932 - M gene	421	451	31	reverse
Measels WT 2 probe	MZ483926 - M gene	421	451	31	reverse
Measels WT 2 probe	MZ483879 - M gene	421	451	31	reverse
Measels WT 2 probe	MZ483885 - M gene	421	451	31	reverse
Measels WT 2 probe	MZ483925 - M gene	421	451	31	reverse
Measels WT 2 probe	MZ483936 - M gene	421	451	31	reverse
Measels WT 2 probe	MZ483922 - M gene	421	451	31	reverse
Measels WT 2 probe	MZ483935 - M gene	421	451	31	reverse
Measels WT 2 probe	MZ483921 - M gene	421	451	31	reverse
Measels WT 2 probe	MZ483891 - M gene	421	451	31	reverse
Measels WT 2 probe	MZ483934 - M gene	421	451	31	reverse
Measels WT 2 probe	MZ483931 - M gene	421	451	31	reverse
Measels WT 2 probe	MZ483923 - M gene	421	451	31	reverse
Measels WT 2 probe	MZ483906 - M gene	421	451	31	reverse
Measels WT 2 probe	MZ483895 - M gene	421	451	31	reverse
Measels WT 2 probe	MZ483881 - M gene	421	451	31	reverse
Measels WT 2 probe	MZ483941 - M gene	421	451	31	reverse
Measels WT 2 probe	MZ483929 - M gene	421	451	31	reverse
Measels WT 2 probe	MZ483890 - M gene	421	451	31	reverse
Measels WT 2 probe	MZ483893 - M gene	421	451	31	reverse
Measels WT 2 probe	MZ483892 - M gene	421	451	31	reverse
Measels WT 2 probe	MZ483920 - M gene	421	451	31	reverse
Measels WT 2 probe	MZ483919 - M gene	421	451	31	reverse
Measels WT 2 probe	MZ483918 - M gene	421	451	31	reverse
Measels WT 2 probe	MZ483894 - M gene	421	451	31	reverse
Measels WT 2 probe	MZ483889 - M gene	421	451	31	reverse
Measels WT 2 probe	MZ483884 - M gene	421	451	31	reverse
Measels WT 2 probe	MZ483882 - M gene	421	451	31	reverse
Measels WT 2 probe	MZ483880 - M gene	421	451	31	reverse
Measels WT 2 probe	MZ442629 - M gene	421	451	31	reverse
Measels WT 1 probe	OQ096283 - M gene	441	460	20	reverse
Measels WT 1 probe	LC789940 - M gene	441	460	20	reverse
Measels WT 1 probe	LC769207 - M gene	441	460	20	reverse
Measels WT 1 probe	OQ096337 - M gene	441	460	20	reverse
Measels WT 1 probe	OQ096334 - M gene	441	460	20	reverse
Measels WT 1 probe	OR805841 - M gene	441	460	20	reverse
Measels WT 1 probe	PP101943 - M gene	441	460	20	reverse
Measels WT 1 probe	PP101942 - M gene	441	460	20	reverse
Measels WT 1 probe	OQ096336 - M gene	441	460	20	reverse
Measels WT 1 probe	OQ096335 - M gene	441	460	20	reverse
Measels WT 1 probe	OQ096265 - M gene	441	460	20	reverse
Measels WT 1 probe	OQ096333 - M gene	441	460	20	reverse
Measels WT 1 probe	OP609665 - M gene	441	460	20	reverse
Measels WT 1 probe	OQ096319 - M gene	441	460	20	reverse
Measels WT 1 probe	OQ096314 - M gene	441	460	20	reverse
Measels WT 1 probe	OQ096313 - M gene	441	460	20	reverse
Measels WT 1 probe	OQ096311 - M gene	441	460	20	reverse
Measels WT 1 probe	OQ096309 - M gene	441	460	20	reverse
Measels WT 1 probe	OQ096307 - M gene	441	460	20	reverse
Measels WT 1 probe	OQ096306 - M gene	441	460	20	reverse
Measels WT 1 probe	OQ096296 - M gene	441	460	20	reverse
Measels WT 1 probe	OQ096279 - M gene	441	460	20	reverse
Measels WT 1 probe	OQ096328 - M gene	441	460	20	reverse
Measels WT 1 probe	OQ096305 - M gene	441	460	20	reverse
Measels WT 1 probe	OR830038 - M gene	441	460	20	reverse
Measels WT 1 probe	OR830036 - M gene	441	460	20	reverse
Measels WT 1 probe	OR830035 - M gene	441	460	20	reverse
Measels WT 1 probe	OR830034 - M gene	441	460	20	reverse
Measels WT 1 probe	OR830031 - M gene	441	460	20	reverse
Measels WT 1 probe	OR830037 - M gene	441	460	20	reverse
Measels WT 1 probe	OR453544 - M gene	441	460	20	reverse
Measels WT 1 probe	OQ096331 - M gene	441	460	20	reverse
Measels WT 1 probe	OR830032 - M gene	441	460	20	reverse
Measels WT 1 probe	OR830033 - M gene	441	460	20	reverse
Measels WT 1 probe	OR453543 - M gene	441	460	20	reverse
Measels WT 1 probe	OR453542 - M gene	441	460	20	reverse
Measels WT 1 probe	OP609657 - M gene	441	460	20	reverse
Measels WT 1 probe	OQ096303 - M gene	441	460	20	reverse
Measels WT 1 probe	PQ481505 - M gene	441	460	20	reverse
Measels WT 1 probe	OQ096308 - M gene	441	460	20	reverse
Measels WT 1 probe	OQ096301 - M gene	441	460	20	reverse
Measels WT 1 probe	OQ096300 - M gene	441	460	20	reverse
Measels WT 1 probe	OP609668 - M gene	441	460	20	reverse
Measels WT 1 probe	OP609667 - M gene	441	460	20	reverse
Measels WT 1 probe	OP609666 - M gene	441	460	20	reverse
Measels WT 1 probe	OQ096269 - M gene	441	460	20	reverse
Measels WT 1 probe	OQ096272 - M gene	441	460	20	reverse
Measels WT 1 probe	OQ096271 - M gene	441	460	20	reverse
Measels WT 1 probe	PQ481507 - M gene	441	460	20	reverse
Measels WT 1 probe	OQ096338 - M gene	441	460	20	reverse
Measels WT 1 probe	OQ096274 - M gene	441	460	20	reverse
Measels WT 1 probe	OQ096273 - M gene	441	460	20	reverse
Measels WT 1 probe	PQ287422 - M gene	441	460	20	reverse
Measels WT 1 probe	PQ287421 - M gene	441	460	20	reverse
Measels WT 1 probe	OQ096295 - M gene	441	460	20	reverse
Measels WT 1 probe	OQ096267 - M gene	441	460	20	reverse
Measels WT 1 probe	OP609647 - M gene	441	460	20	reverse
Measels WT 1 probe	OQ096291 - M gene	441	460	20	reverse
Measels WT 1 probe	OQ096289 - M gene	441	460	20	reverse
Measels WT 1 probe	OQ096287 - M gene	441	460	20	reverse
Measels WT 1 probe	OP609652 - M gene	441	460	20	reverse
Measels WT 1 probe	OQ096329 - M gene	441	460	20	reverse
Measels WT 1 probe	OQ096327 - M gene	441	460	20	reverse
Measels WT 1 probe	OQ096326 - M gene	441	460	20	reverse
Measels WT 1 probe	OQ096324 - M gene	441	460	20	reverse
Measels WT 1 probe	OP609664 - M gene	441	460	20	reverse
Measels WT 1 probe	OP609662 - M gene	441	460	20	reverse
Measels WT 1 probe	OP609661 - M gene	441	460	20	reverse
Measels WT 1 probe	PQ481506 - M gene	441	460	20	reverse
Measels WT 1 probe	OQ096323 - M gene	441	460	20	reverse
Measels WT 1 probe	OQ096317 - M gene	441	460	20	reverse
Measels WT 1 probe	OQ096312 - M gene	441	460	20	reverse
Measels WT 1 probe	OQ096294 - M gene	441	460	20	reverse
Measels WT 1 probe	OQ096290 - M gene	441	460	20	reverse
Measels WT 1 probe	OQ096288 - M gene	441	460	20	reverse
Measels WT 1 probe	OQ096286 - M gene	441	460	20	reverse
Measels WT 1 probe	OQ096284 - M gene	441	460	20	reverse
Measels WT 1 probe	OQ096281 - M gene	441	460	20	reverse
Measels WT 1 probe	OQ096270 - M gene	441	460	20	reverse
Measels WT 1 probe	OQ096268 - M gene	441	460	20	reverse
Measels WT 1 probe	PQ481504 - M gene	441	460	20	reverse
Measels WT 1 probe	OP609663 - M gene	441	460	20	reverse
Measels WT 1 probe	OP609660 - M gene	441	460	20	reverse
Measels WT 1 probe	OP609659 - M gene	441	460	20	reverse
Measels WT 1 probe	OP609658 - M gene	441	460	20	reverse
Measels WT 1 probe	OP609649 - M gene	441	460	20	reverse
Measels WT 1 probe	OP609648 - M gene	441	460	20	reverse
Measels WT 1 probe	OP236022 - M gene	441	460	20	reverse
Measels WT 1 probe	OQ096332 - M gene	441	460	20	reverse
Measels WT 1 probe	OQ096292 - M gene	441	460	20	reverse
Measels WT 1 probe	PQ786225 - M gene	441	460	20	reverse
Measels WT 1 probe	PQ786273 - M gene	441	460	20	reverse
Measels WT 1 probe	PQ786257 - M gene	441	460	20	reverse
Measels WT 1 probe	PQ786261 - M gene	441	460	20	reverse
Measels WT 1 probe	PQ786218 - M gene	441	460	20	reverse
Measels WT 1 probe	PQ786219 - M gene	441	460	20	reverse
Measels WT 1 probe	PQ786214 - M gene	441	460	20	reverse
Measels WT 1 probe	PQ786226 - M gene	441	460	20	reverse
Measels WT 1 probe	PQ786187 - M gene	441	460	20	reverse
Measels WT 1 probe	PQ786215 - M gene	441	460	20	reverse
Measels WT 1 probe	PQ786180 - M gene	441	460	20	reverse
Measels WT 1 probe	PP998306 - M gene	441	460	20	reverse
Measels WT 1 probe	PQ786263 - M gene	441	460	20	reverse
Measels WT 1 probe	PQ786235 - M gene	441	460	20	reverse
Measels WT 1 probe	PQ786181 - M gene	441	460	20	reverse
Measels WT 1 probe	PQ786234 - M gene	441	460	20	reverse
Measels WT 1 probe	PQ786242 - M gene	441	460	20	reverse
Measels WT 1 probe	PQ786272 - M gene	441	460	20	reverse
Measels WT 1 probe	PQ786271 - M gene	441	460	20	reverse
Measels WT 1 probe	PQ786269 - M gene	441	460	20	reverse
Measels WT 1 probe	PQ786268 - M gene	441	460	20	reverse
Measels WT 1 probe	PQ786265 - M gene	441	460	20	reverse
Measels WT 1 probe	PQ786262 - M gene	441	460	20	reverse
Measels WT 1 probe	PQ786260 - M gene	441	460	20	reverse
Measels WT 1 probe	PQ786259 - M gene	441	460	20	reverse
Measels WT 1 probe	PQ786258 - M gene	441	460	20	reverse
Measels WT 1 probe	PQ786255 - M gene	441	460	20	reverse
Measels WT 1 probe	PQ786253 - M gene	441	460	20	reverse
Measels WT 1 probe	PQ786252 - M gene	441	460	20	reverse
Measels WT 1 probe	PQ786250 - M gene	441	460	20	reverse
Measels WT 1 probe	PQ786249 - M gene	441	460	20	reverse
Measels WT 1 probe	PQ786248 - M gene	441	460	20	reverse
Measels WT 1 probe	PQ786245 - M gene	441	460	20	reverse
Measels WT 1 probe	PQ786244 - M gene	441	460	20	reverse
Measels WT 1 probe	PQ786243 - M gene	441	460	20	reverse
Measels WT 1 probe	PQ786241 - M gene	441	460	20	reverse
Measels WT 1 probe	PQ786240 - M gene	441	460	20	reverse
Measels WT 1 probe	PQ786238 - M gene	441	460	20	reverse
Measels WT 1 probe	PQ786236 - M gene	441	460	20	reverse
Measels WT 1 probe	PQ786231 - M gene	441	460	20	reverse
Measels WT 1 probe	PQ786230 - M gene	441	460	20	reverse
Measels WT 1 probe	PQ786229 - M gene	441	460	20	reverse
Measels WT 1 probe	PQ786228 - M gene	441	460	20	reverse
Measels WT 1 probe	PQ786227 - M gene	441	460	20	reverse
Measels WT 1 probe	PQ786267 - M gene	441	460	20	reverse
Measels WT 1 probe	PQ786266 - M gene	441	460	20	reverse
Measels WT 1 probe	PQ786264 - M gene	441	460	20	reverse
Measels WT 1 probe	PQ786256 - M gene	441	460	20	reverse
Measels WT 1 probe	PQ786254 - M gene	441	460	20	reverse
Measels WT 1 probe	PQ786251 - M gene	441	460	20	reverse
Measels WT 1 probe	PQ786247 - M gene	441	460	20	reverse
Measels WT 1 probe	PQ786246 - M gene	441	460	20	reverse
Measels WT 1 probe	PQ786239 - M gene	441	460	20	reverse
Measels WT 1 probe	PQ786237 - M gene	441	460	20	reverse
Measels WT 1 probe	PQ786233 - M gene	441	460	20	reverse
Measels WT 1 probe	PQ786232 - M gene	441	460	20	reverse
Measels WT 1 probe	PQ786212 - M gene	441	460	20	reverse
Measels WT 1 probe	PQ786208 - M gene	441	460	20	reverse
Measels WT 1 probe	PQ786207 - M gene	441	460	20	reverse
Measels WT 1 probe	PQ786204 - M gene	441	460	20	reverse
Measels WT 1 probe	PQ786201 - M gene	441	460	20	reverse
Measels WT 1 probe	PQ786198 - M gene	441	460	20	reverse
Measels WT 1 probe	PQ786270 - M gene	441	460	20	reverse
Measels WT 1 probe	PQ786211 - M gene	441	460	20	reverse
Measels WT 1 probe	PQ786210 - M gene	441	460	20	reverse
Measels WT 1 probe	PQ786209 - M gene	441	460	20	reverse
Measels WT 1 probe	PQ786206 - M gene	441	460	20	reverse
Measels WT 1 probe	PQ786205 - M gene	441	460	20	reverse
Measels WT 1 probe	PQ786203 - M gene	441	460	20	reverse
Measels WT 1 probe	PQ786202 - M gene	441	460	20	reverse
Measels WT 1 probe	PQ786200 - M gene	441	460	20	reverse
Measels WT 1 probe	PQ786199 - M gene	441	460	20	reverse
Measels WT 1 probe	PQ786197 - M gene	441	460	20	reverse
Measels WT 1 probe	PQ786196 - M gene	441	460	20	reverse
Measels WT 1 probe	PQ786195 - M gene	441	460	20	reverse
Measels WT 1 probe	PQ786194 - M gene	441	460	20	reverse
Measels WT 1 probe	PQ453569 - M gene	441	460	20	reverse
Measels WT 1 probe	PQ786191 - M gene	441	460	20	reverse
Measels WT 1 probe	PQ786190 - M gene	441	460	20	reverse
Measels WT 1 probe	PQ786185 - M gene	441	460	20	reverse
Measels WT 1 probe	PQ786217 - M gene	441	460	20	reverse
Measels WT 1 probe	PQ786216 - M gene	441	460	20	reverse
Measels WT 1 probe	OR854811 - M gene	441	460	20	reverse
Measels WT 1 probe	PQ786224 - M gene	441	460	20	reverse
Measels WT 1 probe	PQ786223 - M gene	441	460	20	reverse
Measels WT 1 probe	PQ786222 - M gene	441	460	20	reverse
Measels WT 1 probe	PQ786221 - M gene	441	460	20	reverse
Measels WT 1 probe	PQ786220 - M gene	441	460	20	reverse
Measels WT 1 probe	PQ786193 - M gene	441	460	20	reverse
Measels WT 1 probe	PQ786192 - M gene	441	460	20	reverse
Measels WT 1 probe	PQ786188 - M gene	441	460	20	reverse
Measels WT 1 probe	PQ786186 - M gene	441	460	20	reverse
Measels WT 1 probe	PQ786183 - M gene	441	460	20	reverse
Measels WT 1 probe	PQ786213 - M gene	441	460	20	reverse
Measels WT 1 probe	PQ786184 - M gene	441	460	20	reverse
Measels WT 1 probe	PQ786182 - M gene	441	460	20	reverse
Measels WT 1 probe	PQ786189 - M gene	441	460	20	reverse
Measels WT 1 probe	OR805842 - M gene	441	460	20	reverse
Measels WT 1 probe	OR805844 - M gene	441	460	20	reverse
Measels WT 1 probe	OR805843 - M gene	441	460	20	reverse
Measels WT 1 probe	OP609650 - M gene	441	460	20	reverse
Measels WT 1 probe	OQ096318 - M gene	441	460	20	reverse
Measels WT 1 probe	OP609651 - M gene	441	460	20	reverse
Measels WT 1 probe	OQ096302 - M gene	441	460	20	reverse
Measels WT 1 probe	OP609656 - M gene	441	460	20	reverse
Measels WT 1 probe	OP609655 - M gene	441	460	20	reverse
Measels WT 1 probe	OP609654 - M gene	441	460	20	reverse
Measels WT 1 probe	OP609653 - M gene	441	460	20	reverse
Measels WT 1 probe	PP868388 - M gene	441	460	20	reverse
Measels WT 1 probe	PP626047 - M gene	441	460	20	reverse
Measels WT 1 probe	LC789941 - M gene	441	460	20	reverse
Measels WT 1 probe	LC848731 - M gene	441	460	20	reverse
Measels WT 1 probe	LC848730 - M gene	441	460	20	reverse
Measels WT 1 probe	LC848729 - M gene	441	460	20	reverse
Measels WT 1 probe	LC848728 - M gene	441	460	20	reverse
Measels WT 1 probe	LC848727 - M gene	441	460	20	reverse
Measels WT 1 probe	LC848726 - M gene	441	460	20	reverse
Measels WT 1 probe	PQ590060 - M gene	441	460	20	reverse
Measels WT 1 probe	PQ786170 - M gene	441	460	20	reverse
Measels WT 1 probe	PQ786168 - M gene	441	460	20	reverse
Measels WT 1 probe	PQ786177 - M gene	441	460	20	reverse
Measels WT 1 probe	PQ786173 - M gene	441	460	20	reverse
Measels WT 1 probe	PQ786155 - M gene	441	460	20	reverse
Measels WT 1 probe	PP998308 - M gene	441	460	20	reverse
Measels WT 1 probe	PP998307 - M gene	441	460	20	reverse
Measels WT 1 probe	PP998305 - M gene	441	460	20	reverse
Measels WT 1 probe	PP887450 - M gene	441	460	20	reverse
Measels WT 1 probe	PQ786160 - M gene	441	460	20	reverse
Measels WT 1 probe	PQ786178 - M gene	441	460	20	reverse
Measels WT 1 probe	PQ786176 - M gene	441	460	20	reverse
Measels WT 1 probe	PQ786174 - M gene	441	460	20	reverse
Measels WT 1 probe	PQ786172 - M gene	441	460	20	reverse
Measels WT 1 probe	PQ786171 - M gene	441	460	20	reverse
Measels WT 1 probe	PQ786169 - M gene	441	460	20	reverse
Measels WT 1 probe	PQ786165 - M gene	441	460	20	reverse
Measels WT 1 probe	PQ786175 - M gene	441	460	20	reverse
Measels WT 1 probe	PQ786167 - M gene	441	460	20	reverse
Measels WT 1 probe	PQ786166 - M gene	441	460	20	reverse
Measels WT 1 probe	PQ786164 - M gene	441	460	20	reverse
Measels WT 1 probe	PQ786163 - M gene	441	460	20	reverse
Measels WT 1 probe	PQ786162 - M gene	441	460	20	reverse
Measels WT 1 probe	PQ786161 - M gene	441	460	20	reverse
Measels WT 1 probe	PQ786159 - M gene	441	460	20	reverse
Measels WT 1 probe	PQ786158 - M gene	441	460	20	reverse
Measels WT 1 probe	PQ786157 - M gene	441	460	20	reverse
Measels WT 1 probe	PQ786156 - M gene	441	460	20	reverse
Measels WT 1 probe	PQ786154 - M gene	441	460	20	reverse
Measels WT 1 probe	PQ786153 - M gene	441	460	20	reverse
Measels WT 1 probe	PQ786152 - M gene	441	460	20	reverse
Measels WT 1 probe	PQ786151 - M gene	441	460	20	reverse
Measels WT 1 probe	PQ786150 - M gene	441	460	20	reverse
Measels WT 1 probe	PQ786149 - M gene	441	460	20	reverse
Measels WT 1 probe	PQ786148 - M gene	441	460	20	reverse
Measels WT 1 probe	PQ786147 - M gene	441	460	20	reverse
Measels WT 1 probe	OP236012 - M gene	441	460	20	reverse
Measels WT 1 probe	OR290097 - M gene	441	460	20	reverse
Measels WT 1 probe	OR290102 - M gene	441	460	20	reverse
Measels WT 1 probe	OR290100 - M gene	441	460	20	reverse
Measels WT 1 probe	OR290101 - M gene	441	460	20	reverse
Measels WT 1 probe	OR290099 - M gene	441	460	20	reverse
Measels WT 1 probe	OR854812 - M gene	441	460	20	reverse
Measels WT 1 probe	OP236018 - M gene	441	460	20	reverse
Measels WT 1 probe	OP236021 - M gene	441	460	20	reverse
Measels WT 1 probe	OQ096298 - M gene	441	460	20	reverse
Measels WT 1 probe	OP236011 - M gene	441	460	20	reverse
Measels WT 1 probe	OP236014 - M gene	441	460	20	reverse
Measels WT 1 probe	OQ096282 - M gene	441	460	20	reverse
Measels WT 1 probe	OP236013 - M gene	441	460	20	reverse
Measels WT 1 probe	OQ096304 - M gene	441	460	20	reverse
Measels WT 1 probe	OP236015 - M gene	441	460	20	reverse
Measels WT 1 probe	OP236010 - M gene	441	460	20	reverse
Measels WT 1 probe	PP818854 - M gene	441	460	20	reverse
Measels WT 1 probe	ON024067 - M gene	441	460	20	reverse
Measels WT 1 probe	OR835191 - M gene	441	460	20	reverse
Measels WT 1 probe	OP236009 - M gene	441	460	20	reverse
Measels WT 1 probe	OP236017 - M gene	441	460	20	reverse
Measels WT 1 probe	OP236016 - M gene	441	460	20	reverse
Measels WT 1 probe	OP236020 - M gene	441	460	20	reverse
Measels WT 1 probe	OP236019 - M gene	441	460	20	reverse
Measels WT 1 probe	OQ096266 - M gene	441	460	20	reverse
Measels WT 1 probe	OQ096310 - M gene	441	460	20	reverse
Measels WT 1 probe	OQ096264 - M gene	441	460	20	reverse
Measels WT 1 probe	OQ096293 - M gene	441	460	20	reverse
Measels WT 1 probe	OQ096330 - M gene	441	460	20	reverse
Measels WT 1 probe	OQ096315 - M gene	441	460	20	reverse
Measels WT 1 probe	OQ096339 - M gene	441	460	20	reverse
Measels WT 1 probe	OQ096321 - M gene	441	460	20	reverse
Measels WT 1 probe	OQ096299 - M gene	441	460	20	reverse
Measels WT 1 probe	OQ096320 - M gene	441	460	20	reverse
Measels WT 1 probe	OQ096325 - M gene	441	460	20	reverse
Measels WT 1 probe	OQ096316 - M gene	441	460	20	reverse
Measels WT 1 probe	OR750917 - M gene	441	460	20	reverse
Measels WT 1 probe	PQ069064 - M gene	441	460	20	reverse
Measels WT 1 probe	PQ287420 - M gene	441	460	20	reverse
Measels WT 1 probe	OP314496 - M gene	441	460	20	reverse
Measels WT 1 probe	OP314495 - M gene	441	460	20	reverse
Measels WT 1 probe	OP314494 - M gene	441	460	20	reverse
Measels WT 1 probe	OP314492 - M gene	441	460	20	reverse
Measels WT 1 probe	OP314490 - M gene	441	460	20	reverse
Measels WT 1 probe	OP314487 - M gene	441	460	20	reverse
Measels WT 1 probe	OP314484 - M gene	441	460	20	reverse
Measels WT 1 probe	OP314478 - M gene	441	460	20	reverse
Measels WT 1 probe	OR854813 - M gene	441	460	20	reverse
Measels WT 1 probe	OQ096297 - M gene	441	460	20	reverse
Measels WT 1 probe	OQ096285 - M gene	441	460	20	reverse
Measels WT 1 probe	OP314485 - M gene	441	460	20	reverse
Measels WT 1 probe	PP446318 - M gene	441	460	20	reverse
Measels WT 1 probe	PP446317 - M gene	441	460	20	reverse
Measels WT 1 probe	OR290098 - M gene	441	460	20	reverse
Measels WT 1 probe	PQ287423 - M gene	441	460	20	reverse
Measels WT 1 probe	PQ287424 - M gene	441	460	20	reverse
Measels WT 1 probe	OQ096278 - M gene	441	460	20	reverse
Measels WT 1 probe	OQ096277 - M gene	441	460	20	reverse
Measels WT 1 probe	OQ096276 - M gene	441	460	20	reverse
Measels WT 1 probe	OQ096280 - M gene	441	460	20	reverse
Measels WT 1 probe	OQ096275 - M gene	441	460	20	reverse
Measels WT 1 probe	OQ096322 - M gene	441	460	20	reverse
Measels WT 1 probe	OP314518 - M gene	441	460	20	reverse
Measels WT 1 probe	OP314517 - M gene	441	460	20	reverse
Measels WT 1 probe	OP314516 - M gene	441	460	20	reverse
Measels WT 1 probe	OP314515 - M gene	441	460	20	reverse
Measels WT 1 probe	OP314514 - M gene	441	460	20	reverse
Measels WT 1 probe	OP314513 - M gene	441	460	20	reverse
Measels WT 1 probe	OP314512 - M gene	441	460	20	reverse
Measels WT 1 probe	OP314511 - M gene	441	460	20	reverse
Measels WT 1 probe	OP314510 - M gene	441	460	20	reverse
Measels WT 1 probe	OP314509 - M gene	441	460	20	reverse
Measels WT 1 probe	OP314508 - M gene	441	460	20	reverse
Measels WT 1 probe	OP314507 - M gene	441	460	20	reverse
Measels WT 1 probe	OP314506 - M gene	441	460	20	reverse
Measels WT 1 probe	OP314505 - M gene	441	460	20	reverse
Measels WT 1 probe	OP314504 - M gene	441	460	20	reverse
Measels WT 1 probe	OP314503 - M gene	441	460	20	reverse
Measels WT 1 probe	OP314502 - M gene	441	460	20	reverse
Measels WT 1 probe	OP314501 - M gene	441	460	20	reverse
Measels WT 1 probe	OP314500 - M gene	441	460	20	reverse
Measels WT 1 probe	OP314499 - M gene	441	460	20	reverse
Measels WT 1 probe	OP314498 - M gene	441	460	20	reverse
Measels WT 1 probe	OP314497 - M gene	441	460	20	reverse
Measels WT 1 probe	OP314493 - M gene	441	460	20	reverse
Measels WT 1 probe	OP314491 - M gene	441	460	20	reverse
Measels WT 1 probe	OP314489 - M gene	441	460	20	reverse
Measels WT 1 probe	OP314488 - M gene	441	460	20	reverse
Measels WT 1 probe	OP314486 - M gene	441	460	20	reverse
Measels WT 1 probe	OP314483 - M gene	441	460	20	reverse
Measels WT 1 probe	OP314482 - M gene	441	460	20	reverse
Measels WT 1 probe	OP314481 - M gene	441	460	20	reverse
Measels WT 1 probe	OP314480 - M gene	441	460	20	reverse
Measels WT 1 probe	OP314479 - M gene	441	460	20	reverse
Measels WT 1 probe	OP314477 - M gene	441	460	20	reverse
Measels WT 1 probe	MZ442613 - M gene	441	460	20	reverse
Measels WT 1 probe	MZ442614 - M gene	441	460	20	reverse
Measels WT 1 probe	MZ442626 - M gene	441	460	20	reverse
Measels WT 1 probe	MZ442625 - M gene	441	460	20	reverse
Measels WT 1 probe	MZ442627 - M gene	441	460	20	reverse
Measels WT 1 probe	MZ442618 - M gene	441	460	20	reverse
Measels WT 1 probe	MZ483930 - M gene	441	460	20	reverse
Measels WT 1 probe	MZ442623 - M gene	441	460	20	reverse
Measels WT 1 probe	MZ442622 - M gene	441	460	20	reverse
Measels WT 1 probe	MZ442621 - M gene	441	460	20	reverse
Measels WT 1 probe	MZ442620 - M gene	441	460	20	reverse
Measels WT 1 probe	MZ442619 - M gene	441	460	20	reverse
Measels WT 1 probe	MZ442624 - M gene	441	460	20	reverse
Measels WT 1 probe	MZ483896 - M gene	441	460	20	reverse
Measels WT 1 probe	MZ483937 - M gene	441	460	20	reverse
Measels WT 1 probe	MZ442617 - M gene	441	460	20	reverse
Measels WT 1 probe	MZ483944 - M gene	441	460	20	reverse
Measels WT 1 probe	MZ442616 - M gene	441	460	20	reverse
Measels WT 1 probe	MZ442615 - M gene	441	460	20	reverse
Measels WT 1 probe	MZ442628 - M gene	441	460	20	reverse
Measels WT 1 probe	MZ442635 - M gene	441	460	20	reverse
Measels WT 1 probe	MZ483924 - M gene	441	460	20	reverse
Measels WT 1 probe	MZ442631 - M gene	441	460	20	reverse
Measels WT 1 probe	MZ483933 - M gene	441	460	20	reverse
Measels WT 1 probe	MZ483897 - M gene	441	460	20	reverse
Measels WT 1 probe	MZ483927 - M gene	441	460	20	reverse
Measels WT 1 probe	MZ483883 - M gene	441	460	20	reverse
Measels WT 1 probe	MZ483914 - M gene	441	460	20	reverse
Measels WT 1 probe	MZ483886 - M gene	441	460	20	reverse
Measels WT 1 probe	MZ483928 - M gene	441	460	20	reverse
Measels WT 1 probe	MZ483908 - M gene	441	460	20	reverse
Measels WT 1 probe	MZ483916 - M gene	441	460	20	reverse
Measels WT 1 probe	MZ483901 - M gene	441	460	20	reverse
Measels WT 1 probe	MZ483904 - M gene	441	460	20	reverse
Measels WT 1 probe	MZ483903 - M gene	441	460	20	reverse
Measels WT 1 probe	MZ483912 - M gene	441	460	20	reverse
Measels WT 1 probe	MZ483911 - M gene	441	460	20	reverse
Measels WT 1 probe	MZ483910 - M gene	441	460	20	reverse
Measels WT 1 probe	MZ483909 - M gene	441	460	20	reverse
Measels WT 1 probe	MZ483902 - M gene	441	460	20	reverse
Measels WT 1 probe	MZ483900 - M gene	441	460	20	reverse
Measels WT 1 probe	MZ483899 - M gene	441	460	20	reverse
Measels WT 1 probe	MZ483898 - M gene	441	460	20	reverse
Measels WT 1 probe	MZ483913 - M gene	441	460	20	reverse
Measels WT 1 probe	MZ483888 - M gene	441	460	20	reverse
Measels WT 1 probe	MZ483887 - M gene	441	460	20	reverse
Measels WT 1 probe	MZ442630 - M gene	441	460	20	reverse
Measels WT 1 probe	MZ483942 - M gene	441	460	20	reverse
Measels WT 1 probe	MZ483940 - M gene	441	460	20	reverse
Measels WT 1 probe	MZ483917 - M gene	441	460	20	reverse
Measels WT 1 probe	MZ483915 - M gene	441	460	20	reverse
Measels WT 1 probe	MZ483907 - M gene	441	460	20	reverse
Measels WT 1 probe	MZ483905 - M gene	441	460	20	reverse
Measels WT 1 probe	MZ442634 - M gene	441	460	20	reverse
Measels WT 1 probe	MZ442633 - M gene	441	460	20	reverse
Measels WT 1 probe	MZ442632 - M gene	441	460	20	reverse
Measels WT 1 probe	MZ483938 - M gene	441	460	20	reverse
Measels WT 1 probe	MZ483943 - M gene	441	460	20	reverse
Measels WT 1 probe	MZ483939 - M gene	441	460	20	reverse
Measels WT 1 probe	MZ483932 - M gene	441	460	20	reverse
Measels WT 1 probe	MZ483926 - M gene	441	460	20	reverse
Measels WT 1 probe	MZ483879 - M gene	441	460	20	reverse
Measels WT 1 probe	MZ483885 - M gene	441	460	20	reverse
Measels WT 1 probe	MZ483925 - M gene	441	460	20	reverse
Measels WT 1 probe	MZ483936 - M gene	441	460	20	reverse
Measels WT 1 probe	MZ483922 - M gene	441	460	20	reverse
Measels WT 1 probe	MZ483935 - M gene	441	460	20	reverse
Measels WT 1 probe	MZ483921 - M gene	441	460	20	reverse
Measels WT 1 probe	MZ483891 - M gene	441	460	20	reverse
Measels WT 1 probe	MZ483934 - M gene	441	460	20	reverse
Measels WT 1 probe	MZ483931 - M gene	441	460	20	reverse
Measels WT 1 probe	MZ483923 - M gene	441	460	20	reverse
Measels WT 1 probe	MZ483906 - M gene	441	460	20	reverse
Measels WT 1 probe	MZ483895 - M gene	441	460	20	reverse
Measels WT 1 probe	MZ483881 - M gene	441	460	20	reverse
Measels WT 1 probe	MZ483941 - M gene	441	460	20	reverse
Measels WT 1 probe	MZ483929 - M gene	441	460	20	reverse
Measels WT 1 probe	MZ483890 - M gene	441	460	20	reverse
Measels WT 1 probe	MZ483893 - M gene	441	460	20	reverse
Measels WT 1 probe	MZ483892 - M gene	441	460	20	reverse
Measels WT 1 probe	MZ483920 - M gene	441	460	20	reverse
Measels WT 1 probe	MZ483919 - M gene	441	460	20	reverse
Measels WT 1 probe	MZ483918 - M gene	441	460	20	reverse
Measels WT 1 probe	MZ483894 - M gene	441	460	20	reverse
Measels WT 1 probe	MZ483889 - M gene	441	460	20	reverse
Measels WT 1 probe	MZ483884 - M gene	441	460	20	reverse
Measels WT 1 probe	MZ483882 - M gene	441	460	20	reverse
Measels WT 1 probe	MZ483880 - M gene	441	460	20	reverse
Measels WT 1 probe	MZ442629 - M gene	441	460	20	reverse
Measels VA probe	OQ096283 - M gene	421	451	31	reverse
Measels VA probe	LC789940 - M gene	421	451	31	reverse
Measels VA probe	LC769207 - M gene	421	451	31	reverse
Measels VA probe	OQ096337 - M gene	421	451	31	reverse
Measels VA probe	OQ096334 - M gene	421	451	31	reverse
Measels VA probe	OR805841 - M gene	421	451	31	reverse
Measels VA probe	PP101943 - M gene	421	451	31	reverse
Measels VA probe	PP101942 - M gene	421	451	31	reverse
Measels VA probe	OQ096336 - M gene	421	451	31	reverse
Measels VA probe	OQ096335 - M gene	421	451	31	reverse
Measels VA probe	OQ096265 - M gene	421	451	31	reverse
Measels VA probe	OQ096333 - M gene	421	451	31	reverse
Measels VA probe	OP609665 - M gene	421	451	31	reverse
Measels VA probe	OQ096319 - M gene	421	451	31	reverse
Measels VA probe	OQ096314 - M gene	421	451	31	reverse
Measels VA probe	OQ096313 - M gene	421	451	31	reverse
Measels VA probe	OQ096311 - M gene	421	451	31	reverse
Measels VA probe	OQ096309 - M gene	421	451	31	reverse
Measels VA probe	OQ096307 - M gene	421	451	31	reverse
Measels VA probe	OQ096306 - M gene	421	451	31	reverse
Measels VA probe	OQ096296 - M gene	421	451	31	reverse
Measels VA probe	OQ096279 - M gene	421	451	31	reverse
Measels VA probe	OQ096328 - M gene	421	451	31	reverse
Measels VA probe	OQ096305 - M gene	421	451	31	reverse
Measels VA probe	OR830038 - M gene	421	451	31	reverse
Measels VA probe	OR830036 - M gene	421	451	31	reverse
Measels VA probe	OR830035 - M gene	421	451	31	reverse
Measels VA probe	OR830034 - M gene	421	451	31	reverse
Measels VA probe	OR830031 - M gene	421	451	31	reverse
Measels VA probe	OR830037 - M gene	421	451	31	reverse
Measels VA probe	OR453544 - M gene	421	451	31	reverse
Measels VA probe	OQ096331 - M gene	421	451	31	reverse
Measels VA probe	OR830032 - M gene	421	451	31	reverse
Measels VA probe	OR830033 - M gene	421	451	31	reverse
Measels VA probe	OR453543 - M gene	421	451	31	reverse
Measels VA probe	OR453542 - M gene	421	451	31	reverse
Measels VA probe	OP609657 - M gene	421	451	31	reverse
Measels VA probe	OQ096303 - M gene	421	451	31	reverse
Measels VA probe	PQ481505 - M gene	421	451	31	reverse
Measels VA probe	OQ096308 - M gene	421	451	31	reverse
Measels VA probe	OQ096301 - M gene	421	451	31	reverse
Measels VA probe	OQ096300 - M gene	421	451	31	reverse
Measels VA probe	OP609668 - M gene	421	451	31	reverse
Measels VA probe	OP609667 - M gene	421	451	31	reverse
Measels VA probe	OP609666 - M gene	421	451	31	reverse
Measels VA probe	OQ096269 - M gene	421	451	31	reverse
Measels VA probe	OQ096272 - M gene	421	451	31	reverse
Measels VA probe	OQ096271 - M gene	421	451	31	reverse
Measels VA probe	PQ481507 - M gene	421	451	31	reverse
Measels VA probe	OQ096338 - M gene	421	451	31	reverse
Measels VA probe	OQ096274 - M gene	421	451	31	reverse
Measels VA probe	OQ096273 - M gene	421	451	31	reverse
Measels VA probe	PQ287422 - M gene	421	451	31	reverse
Measels VA probe	PQ287421 - M gene	421	451	31	reverse
Measels VA probe	OQ096295 - M gene	421	451	31	reverse
Measels VA probe	OQ096267 - M gene	421	451	31	reverse
Measels VA probe	OP609647 - M gene	421	451	31	reverse
Measels VA probe	OQ096291 - M gene	421	451	31	reverse
Measels VA probe	OQ096289 - M gene	421	451	31	reverse
Measels VA probe	OQ096287 - M gene	421	451	31	reverse
Measels VA probe	OP609652 - M gene	421	451	31	reverse
Measels VA probe	OQ096329 - M gene	421	451	31	reverse
Measels VA probe	OQ096327 - M gene	421	451	31	reverse
Measels VA probe	OQ096326 - M gene	421	451	31	reverse
Measels VA probe	OQ096324 - M gene	421	451	31	reverse
Measels VA probe	OP609664 - M gene	421	451	31	reverse
Measels VA probe	OP609662 - M gene	421	451	31	reverse
Measels VA probe	OP609661 - M gene	421	451	31	reverse
Measels VA probe	PQ481506 - M gene	421	451	31	reverse
Measels VA probe	OQ096323 - M gene	421	451	31	reverse
Measels VA probe	OQ096317 - M gene	421	451	31	reverse
Measels VA probe	OQ096312 - M gene	421	451	31	reverse
Measels VA probe	OQ096294 - M gene	421	451	31	reverse
Measels VA probe	OQ096290 - M gene	421	451	31	reverse
Measels VA probe	OQ096288 - M gene	421	451	31	reverse
Measels VA probe	OQ096286 - M gene	421	451	31	reverse
Measels VA probe	OQ096284 - M gene	421	451	31	reverse
Measels VA probe	OQ096281 - M gene	421	451	31	reverse
Measels VA probe	OQ096270 - M gene	421	451	31	reverse
Measels VA probe	OQ096268 - M gene	421	451	31	reverse
Measels VA probe	PQ481504 - M gene	421	451	31	reverse
Measels VA probe	OP609663 - M gene	421	451	31	reverse
Measels VA probe	OP609660 - M gene	421	451	31	reverse
Measels VA probe	OP609659 - M gene	421	451	31	reverse
Measels VA probe	OP609658 - M gene	421	451	31	reverse
Measels VA probe	OP609649 - M gene	421	451	31	reverse
Measels VA probe	OP609648 - M gene	421	451	31	reverse
Measels VA probe	OP236022 - M gene	421	451	31	reverse
Measels VA probe	OQ096332 - M gene	421	451	31	reverse
Measels VA probe	OQ096292 - M gene	421	451	31	reverse
Measels VA probe	PQ786225 - M gene	421	451	31	reverse
Measels VA probe	PQ786273 - M gene	421	451	31	reverse
Measels VA probe	PQ786257 - M gene	421	451	31	reverse
Measels VA probe	PQ786261 - M gene	421	451	31	reverse
Measels VA probe	PQ786218 - M gene	421	451	31	reverse
Measels VA probe	PQ786219 - M gene	421	451	31	reverse
Measels VA probe	PQ786214 - M gene	421	451	31	reverse
Measels VA probe	PQ786226 - M gene	421	451	31	reverse
Measels VA probe	PQ786187 - M gene	421	451	31	reverse
Measels VA probe	PQ786215 - M gene	421	451	31	reverse
Measels VA probe	PQ786180 - M gene	421	451	31	reverse
Measels VA probe	PP998306 - M gene	421	451	31	reverse
Measels VA probe	PQ786263 - M gene	421	451	31	reverse
Measels VA probe	PQ786235 - M gene	421	451	31	reverse
Measels VA probe	PQ786181 - M gene	421	451	31	reverse
Measels VA probe	PQ786234 - M gene	421	451	31	reverse
Measels VA probe	PQ786242 - M gene	421	451	31	reverse
Measels VA probe	PQ786272 - M gene	421	451	31	reverse
Measels VA probe	PQ786271 - M gene	421	451	31	reverse
Measels VA probe	PQ786269 - M gene	421	451	31	reverse
Measels VA probe	PQ786268 - M gene	421	451	31	reverse
Measels VA probe	PQ786265 - M gene	421	451	31	reverse
Measels VA probe	PQ786262 - M gene	421	451	31	reverse
Measels VA probe	PQ786260 - M gene	421	451	31	reverse
Measels VA probe	PQ786259 - M gene	421	451	31	reverse
Measels VA probe	PQ786258 - M gene	421	451	31	reverse
Measels VA probe	PQ786255 - M gene	421	451	31	reverse
Measels VA probe	PQ786253 - M gene	421	451	31	reverse
Measels VA probe	PQ786252 - M gene	421	451	31	reverse
Measels VA probe	PQ786250 - M gene	421	451	31	reverse
Measels VA probe	PQ786249 - M gene	421	451	31	reverse
Measels VA probe	PQ786248 - M gene	421	451	31	reverse
Measels VA probe	PQ786245 - M gene	421	451	31	reverse
Measels VA probe	PQ786244 - M gene	421	451	31	reverse
Measels VA probe	PQ786243 - M gene	421	451	31	reverse
Measels VA probe	PQ786241 - M gene	421	451	31	reverse
Measels VA probe	PQ786240 - M gene	421	451	31	reverse
Measels VA probe	PQ786238 - M gene	421	451	31	reverse
Measels VA probe	PQ786236 - M gene	421	451	31	reverse
Measels VA probe	PQ786231 - M gene	421	451	31	reverse
Measels VA probe	PQ786230 - M gene	421	451	31	reverse
Measels VA probe	PQ786229 - M gene	421	451	31	reverse
Measels VA probe	PQ786228 - M gene	421	451	31	reverse
Measels VA probe	PQ786227 - M gene	421	451	31	reverse
Measels VA probe	PQ786267 - M gene	421	451	31	reverse
Measels VA probe	PQ786266 - M gene	421	451	31	reverse
Measels VA probe	PQ786264 - M gene	421	451	31	reverse
Measels VA probe	PQ786256 - M gene	421	451	31	reverse
Measels VA probe	PQ786254 - M gene	421	451	31	reverse
Measels VA probe	PQ786251 - M gene	421	451	31	reverse
Measels VA probe	PQ786247 - M gene	421	451	31	reverse
Measels VA probe	PQ786246 - M gene	421	451	31	reverse
Measels VA probe	PQ786239 - M gene	421	451	31	reverse
Measels VA probe	PQ786237 - M gene	421	451	31	reverse
Measels VA probe	PQ786233 - M gene	421	451	31	reverse
Measels VA probe	PQ786232 - M gene	421	451	31	reverse
Measels VA probe	PQ786212 - M gene	421	451	31	reverse
Measels VA probe	PQ786208 - M gene	421	451	31	reverse
Measels VA probe	PQ786207 - M gene	421	451	31	reverse
Measels VA probe	PQ786204 - M gene	421	451	31	reverse
Measels VA probe	PQ786201 - M gene	421	451	31	reverse
Measels VA probe	PQ786198 - M gene	421	451	31	reverse
Measels VA probe	PQ786270 - M gene	421	451	31	reverse
Measels VA probe	PQ786211 - M gene	421	451	31	reverse
Measels VA probe	PQ786210 - M gene	421	451	31	reverse
Measels VA probe	PQ786209 - M gene	421	451	31	reverse
Measels VA probe	PQ786206 - M gene	421	451	31	reverse
Measels VA probe	PQ786205 - M gene	421	451	31	reverse
Measels VA probe	PQ786203 - M gene	421	451	31	reverse
Measels VA probe	PQ786202 - M gene	421	451	31	reverse
Measels VA probe	PQ786200 - M gene	421	451	31	reverse
Measels VA probe	PQ786199 - M gene	421	451	31	reverse
Measels VA probe	PQ786197 - M gene	421	451	31	reverse
Measels VA probe	PQ786196 - M gene	421	451	31	reverse
Measels VA probe	PQ786195 - M gene	421	451	31	reverse
Measels VA probe	PQ786194 - M gene	421	451	31	reverse
Measels VA probe	PQ453569 - M gene	421	451	31	reverse
Measels VA probe	PQ786191 - M gene	421	451	31	reverse
Measels VA probe	PQ786190 - M gene	421	451	31	reverse
Measels VA probe	PQ786185 - M gene	421	451	31	reverse
Measels VA probe	PQ786217 - M gene	421	451	31	reverse
Measels VA probe	PQ786216 - M gene	421	451	31	reverse
Measels VA probe	OR854811 - M gene	421	451	31	reverse
Measels VA probe	PQ786224 - M gene	421	451	31	reverse
Measels VA probe	PQ786223 - M gene	421	451	31	reverse
Measels VA probe	PQ786222 - M gene	421	451	31	reverse
Measels VA probe	PQ786221 - M gene	421	451	31	reverse
Measels VA probe	PQ786220 - M gene	421	451	31	reverse
Measels VA probe	PQ786193 - M gene	421	451	31	reverse
Measels VA probe	PQ786192 - M gene	421	451	31	reverse
Measels VA probe	PQ786188 - M gene	421	451	31	reverse
Measels VA probe	PQ786186 - M gene	421	451	31	reverse
Measels VA probe	PQ786183 - M gene	421	451	31	reverse
Measels VA probe	PQ786213 - M gene	421	451	31	reverse
Measels VA probe	PQ786184 - M gene	421	451	31	reverse
Measels VA probe	PQ786182 - M gene	421	451	31	reverse
Measels VA probe	PQ786189 - M gene	421	451	31	reverse
Measels VA probe	OR805842 - M gene	421	451	31	reverse
Measels VA probe	OR805844 - M gene	421	451	31	reverse
Measels VA probe	OR805843 - M gene	421	451	31	reverse
Measels VA probe	OP609650 - M gene	421	451	31	reverse
Measels VA probe	OQ096318 - M gene	421	451	31	reverse
Measels VA probe	OP609651 - M gene	421	451	31	reverse
Measels VA probe	OQ096302 - M gene	421	451	31	reverse
Measels VA probe	OP609656 - M gene	421	451	31	reverse
Measels VA probe	OP609655 - M gene	421	451	31	reverse
Measels VA probe	OP609654 - M gene	421	451	31	reverse
Measels VA probe	OP609653 - M gene	421	451	31	reverse
Measels VA probe	PP868388 - M gene	421	451	31	reverse
Measels VA probe	PP626047 - M gene	421	451	31	reverse
Measels VA probe	LC789941 - M gene	421	451	31	reverse
Measels VA probe	LC848731 - M gene	421	451	31	reverse
Measels VA probe	LC848730 - M gene	421	451	31	reverse
Measels VA probe	LC848729 - M gene	421	451	31	reverse
Measels VA probe	LC848728 - M gene	421	451	31	reverse
Measels VA probe	LC848727 - M gene	421	451	31	reverse
Measels VA probe	LC848726 - M gene	421	451	31	reverse
Measels VA probe	PQ590060 - M gene	421	451	31	reverse
Measels VA probe	PQ786170 - M gene	421	451	31	reverse
Measels VA probe	PQ786168 - M gene	421	451	31	reverse
Measels VA probe	PQ786177 - M gene	421	451	31	reverse
Measels VA probe	PQ786173 - M gene	421	451	31	reverse
Measels VA probe	PQ786155 - M gene	421	451	31	reverse
Measels VA probe	PP998308 - M gene	421	451	31	reverse
Measels VA probe	PP998307 - M gene	421	451	31	reverse
Measels VA probe	PP998305 - M gene	421	451	31	reverse
Measels VA probe	PP887450 - M gene	421	451	31	reverse
Measels VA probe	PQ786160 - M gene	421	451	31	reverse
Measels VA probe	PQ786178 - M gene	421	451	31	reverse
Measels VA probe	PQ786176 - M gene	421	451	31	reverse
Measels VA probe	PQ786174 - M gene	421	451	31	reverse
Measels VA probe	PQ786172 - M gene	421	451	31	reverse
Measels VA probe	PQ786171 - M gene	421	451	31	reverse
Measels VA probe	PQ786169 - M gene	421	451	31	reverse
Measels VA probe	PQ786165 - M gene	421	451	31	reverse
Measels VA probe	PQ786175 - M gene	421	451	31	reverse
Measels VA probe	PQ786167 - M gene	421	451	31	reverse
Measels VA probe	PQ786166 - M gene	421	451	31	reverse
Measels VA probe	PQ786164 - M gene	421	451	31	reverse
Measels VA probe	PQ786163 - M gene	421	451	31	reverse
Measels VA probe	PQ786162 - M gene	421	451	31	reverse
Measels VA probe	PQ786161 - M gene	421	451	31	reverse
Measels VA probe	PQ786159 - M gene	421	451	31	reverse
Measels VA probe	PQ786158 - M gene	421	451	31	reverse
Measels VA probe	PQ786157 - M gene	421	451	31	reverse
Measels VA probe	PQ786156 - M gene	421	451	31	reverse
Measels VA probe	PQ786154 - M gene	421	451	31	reverse
Measels VA probe	PQ786153 - M gene	421	451	31	reverse
Measels VA probe	PQ786152 - M gene	421	451	31	reverse
Measels VA probe	PQ786151 - M gene	421	451	31	reverse
Measels VA probe	PQ786150 - M gene	421	451	31	reverse
Measels VA probe	PQ786149 - M gene	421	451	31	reverse
Measels VA probe	PQ786148 - M gene	421	451	31	reverse
Measels VA probe	PQ786147 - M gene	421	451	31	reverse
Measels VA probe	OP236012 - M gene	421	451	31	reverse
Measels VA probe	OR290097 - M gene	421	451	31	reverse
Measels VA probe	OR290102 - M gene	421	451	31	reverse
Measels VA probe	OR290100 - M gene	421	451	31	reverse
Measels VA probe	OR290101 - M gene	421	451	31	reverse
Measels VA probe	OR290099 - M gene	421	451	31	reverse
Measels VA probe	OR854812 - M gene	421	451	31	reverse
Measels VA probe	OP236018 - M gene	421	451	31	reverse
Measels VA probe	OP236021 - M gene	421	451	31	reverse
Measels VA probe	OQ096298 - M gene	421	451	31	reverse
Measels VA probe	OP236011 - M gene	421	451	31	reverse
Measels VA probe	OP236014 - M gene	421	451	31	reverse
Measels VA probe	OQ096282 - M gene	421	451	31	reverse
Measels VA probe	OP236013 - M gene	421	451	31	reverse
Measels VA probe	OQ096304 - M gene	421	451	31	reverse
Measels VA probe	OP236015 - M gene	421	451	31	reverse
Measels VA probe	OP236010 - M gene	421	451	31	reverse
Measels VA probe	PP818854 - M gene	421	451	31	reverse
Measels VA probe	OP236009 - M gene	421	451	31	reverse
Measels VA probe	OP236017 - M gene	421	451	31	reverse
Measels VA probe	OP236016 - M gene	421	451	31	reverse
Measels VA probe	OP236020 - M gene	421	451	31	reverse
Measels VA probe	OP236019 - M gene	421	451	31	reverse
Measels VA probe	OQ096266 - M gene	421	451	31	reverse
Measels VA probe	OQ096310 - M gene	421	451	31	reverse
Measels VA probe	OQ096264 - M gene	421	451	31	reverse
Measels VA probe	OQ096293 - M gene	421	451	31	reverse
Measels VA probe	OQ096330 - M gene	421	451	31	reverse
Measels VA probe	OQ096315 - M gene	421	451	31	reverse
Measels VA probe	OQ096339 - M gene	421	451	31	reverse
Measels VA probe	OQ096321 - M gene	421	451	31	reverse
Measels VA probe	OQ096299 - M gene	421	451	31	reverse
Measels VA probe	OQ096320 - M gene	421	451	31	reverse
Measels VA probe	OQ096325 - M gene	421	451	31	reverse
Measels VA probe	OQ096316 - M gene	421	451	31	reverse
Measels VA probe	OR750917 - M gene	421	451	31	reverse
Measels VA probe	PQ069064 - M gene	421	451	31	reverse
Measels VA probe	PQ287420 - M gene	421	451	31	reverse
Measels VA probe	OP314496 - M gene	421	451	31	reverse
Measels VA probe	OP314495 - M gene	421	451	31	reverse
Measels VA probe	OP314494 - M gene	421	451	31	reverse
Measels VA probe	OP314492 - M gene	421	451	31	reverse
Measels VA probe	OP314490 - M gene	421	451	31	reverse
Measels VA probe	OP314487 - M gene	421	451	31	reverse
Measels VA probe	OP314484 - M gene	421	451	31	reverse
Measels VA probe	OP314478 - M gene	421	451	31	reverse
Measels VA probe	OR854813 - M gene	421	451	31	reverse
Measels VA probe	OQ096297 - M gene	421	451	31	reverse
Measels VA probe	OQ096285 - M gene	421	451	31	reverse
Measels VA probe	OP314485 - M gene	421	451	31	reverse
Measels VA probe	PP446318 - M gene	421	451	31	reverse
Measels VA probe	PP446317 - M gene	421	451	31	reverse
Measels VA probe	OR290098 - M gene	421	451	31	reverse
Measels VA probe	PQ287423 - M gene	421	451	31	reverse
Measels VA probe	PQ287424 - M gene	421	451	31	reverse
Measels VA probe	OQ096278 - M gene	421	451	31	reverse
Measels VA probe	OQ096277 - M gene	421	451	31	reverse
Measels VA probe	OQ096276 - M gene	421	451	31	reverse
Measels VA probe	OQ096280 - M gene	421	451	31	reverse
Measels VA probe	OQ096275 - M gene	421	451	31	reverse
Measels VA probe	OQ096322 - M gene	421	451	31	reverse
Measels VA probe	OP314518 - M gene	421	451	31	reverse
Measels VA probe	OP314517 - M gene	421	451	31	reverse
Measels VA probe	OP314516 - M gene	421	451	31	reverse
Measels VA probe	OP314515 - M gene	421	451	31	reverse
Measels VA probe	OP314514 - M gene	421	451	31	reverse
Measels VA probe	OP314513 - M gene	421	451	31	reverse
Measels VA probe	OP314512 - M gene	421	451	31	reverse
Measels VA probe	OP314511 - M gene	421	451	31	reverse
Measels VA probe	OP314510 - M gene	421	451	31	reverse
Measels VA probe	OP314509 - M gene	421	451	31	reverse
Measels VA probe	OP314508 - M gene	421	451	31	reverse
Measels VA probe	OP314507 - M gene	421	451	31	reverse
Measels VA probe	OP314506 - M gene	421	451	31	reverse
Measels VA probe	OP314505 - M gene	421	451	31	reverse
Measels VA probe	OP314504 - M gene	421	451	31	reverse
Measels VA probe	OP314503 - M gene	421	451	31	reverse
Measels VA probe	OP314502 - M gene	421	451	31	reverse
Measels VA probe	OP314501 - M gene	421	451	31	reverse
Measels VA probe	OP314500 - M gene	421	451	31	reverse
Measels VA probe	OP314499 - M gene	421	451	31	reverse
Measels VA probe	OP314498 - M gene	421	451	31	reverse
Measels VA probe	OP314497 - M gene	421	451	31	reverse
Measels VA probe	OP314493 - M gene	421	451	31	reverse
Measels VA probe	OP314491 - M gene	421	451	31	reverse
Measels VA probe	OP314489 - M gene	421	451	31	reverse
Measels VA probe	OP314488 - M gene	421	451	31	reverse
Measels VA probe	OP314486 - M gene	421	451	31	reverse
Measels VA probe	OP314483 - M gene	421	451	31	reverse
Measels VA probe	OP314482 - M gene	421	451	31	reverse
Measels VA probe	OP314481 - M gene	421	451	31	reverse
Measels VA probe	OP314480 - M gene	421	451	31	reverse
Measels VA probe	OP314479 - M gene	421	451	31	reverse
Measels VA probe	OP314477 - M gene	421	451	31	reverse
Measels VA probe	MZ442613 - M gene	421	451	31	reverse
Measels VA probe	MZ442626 - M gene	421	451	31	reverse
Measels VA probe	MZ442625 - M gene	421	451	31	reverse
Measels VA probe	MZ442627 - M gene	421	451	31	reverse
Measels VA probe	MZ442618 - M gene	421	451	31	reverse
Measels VA probe	MZ483930 - M gene	421	451	31	reverse
Measels VA probe	MZ442623 - M gene	421	451	31	reverse
Measels VA probe	MZ442622 - M gene	421	451	31	reverse
Measels VA probe	MZ442621 - M gene	421	451	31	reverse
Measels VA probe	MZ442620 - M gene	421	451	31	reverse
Measels VA probe	MZ442619 - M gene	421	451	31	reverse
Measels VA probe	MZ442624 - M gene	421	451	31	reverse
Measels VA probe	MZ483896 - M gene	421	451	31	reverse
Measels VA probe	MZ483937 - M gene	421	451	31	reverse
Measels VA probe	MZ442617 - M gene	421	451	31	reverse
Measels VA probe	MZ483944 - M gene	421	451	31	reverse
Measels VA probe	MZ442616 - M gene	421	451	31	reverse
Measels VA probe	MZ442615 - M gene	421	451	31	reverse
Measels VA probe	MZ442628 - M gene	421	451	31	reverse
Measels VA probe	MZ442635 - M gene	421	451	31	reverse
Measels VA probe	MZ483924 - M gene	421	451	31	reverse
Measels VA probe	MZ442631 - M gene	421	451	31	reverse
Measels VA probe	MZ483933 - M gene	421	451	31	reverse
Measels VA probe	MZ483897 - M gene	421	451	31	reverse
Measels VA probe	MZ483927 - M gene	421	451	31	reverse
Measels VA probe	MZ483883 - M gene	421	451	31	reverse
Measels VA probe	MZ483914 - M gene	421	451	31	reverse
Measels VA probe	MZ483886 - M gene	421	451	31	reverse
Measels VA probe	MZ483928 - M gene	421	451	31	reverse
Measels VA probe	MZ483908 - M gene	421	451	31	reverse
Measels VA probe	MZ483916 - M gene	421	451	31	reverse
Measels VA probe	MZ483901 - M gene	421	451	31	reverse
Measels VA probe	MZ483904 - M gene	421	451	31	reverse
Measels VA probe	MZ483903 - M gene	421	451	31	reverse
Measels VA probe	MZ483912 - M gene	421	451	31	reverse
Measels VA probe	MZ483911 - M gene	421	451	31	reverse
Measels VA probe	MZ483910 - M gene	421	451	31	reverse
Measels VA probe	MZ483909 - M gene	421	451	31	reverse
Measels VA probe	MZ483902 - M gene	421	451	31	reverse
Measels VA probe	MZ483900 - M gene	421	451	31	reverse
Measels VA probe	MZ483899 - M gene	421	451	31	reverse
Measels VA probe	MZ483898 - M gene	421	451	31	reverse
Measels VA probe	MZ483913 - M gene	421	451	31	reverse
Measels VA probe	MZ483888 - M gene	421	451	31	reverse
Measels VA probe	MZ483887 - M gene	421	451	31	reverse
Measels VA probe	MZ442630 - M gene	421	451	31	reverse
Measels VA probe	MZ483942 - M gene	421	451	31	reverse
Measels VA probe	MZ483940 - M gene	421	451	31	reverse
Measels VA probe	MZ483917 - M gene	421	451	31	reverse
Measels VA probe	MZ483915 - M gene	421	451	31	reverse
Measels VA probe	MZ483907 - M gene	421	451	31	reverse
Measels VA probe	MZ483905 - M gene	421	451	31	reverse
Measels VA probe	MZ442634 - M gene	421	451	31	reverse
Measels VA probe	MZ442633 - M gene	421	451	31	reverse
Measels VA probe	MZ442632 - M gene	421	451	31	reverse
Measels VA probe	MZ483938 - M gene	421	451	31	reverse
Measels VA probe	MZ483943 - M gene	421	451	31	reverse
Measels VA probe	MZ483939 - M gene	421	451	31	reverse
Measels VA probe	MZ483932 - M gene	421	451	31	reverse
Measels VA probe	MZ483926 - M gene	421	451	31	reverse
Measels VA probe	MZ483879 - M gene	421	451	31	reverse
Measels VA probe	MZ483885 - M gene	421	451	31	reverse
Measels VA probe	MZ483925 - M gene	421	451	31	reverse
Measels VA probe	MZ483936 - M gene	421	451	31	reverse
Measels VA probe	MZ483922 - M gene	421	451	31	reverse
Measels VA probe	MZ483935 - M gene	421	451	31	reverse
Measels VA probe	MZ483921 - M gene	421	451	31	reverse
Measels VA probe	MZ483891 - M gene	421	451	31	reverse
Measels VA probe	MZ483934 - M gene	421	451	31	reverse
Measels VA probe	MZ483931 - M gene	421	451	31	reverse
Measels VA probe	MZ483923 - M gene	421	451	31	reverse
Measels VA probe	MZ483906 - M gene	421	451	31	reverse
Measels VA probe	MZ483895 - M gene	421	451	31	reverse
Measels VA probe	MZ483881 - M gene	421	451	31	reverse
Measels VA probe	MZ483941 - M gene	421	451	31	reverse
Measels VA probe	MZ483929 - M gene	421	451	31	reverse
Measels VA probe	MZ483890 - M gene	421	451	31	reverse
Measels VA probe	MZ483893 - M gene	421	451	31	reverse
Measels VA probe	MZ483892 - M gene	421	451	31	reverse
Measels VA probe	MZ483920 - M gene	421	451	31	reverse
Measels VA probe	MZ483919 - M gene	421	451	31	reverse
Measels VA probe	MZ483918 - M gene	421	451	31	reverse
Measels VA probe	MZ483894 - M gene	421	451	31	reverse
Measels VA probe	MZ483889 - M gene	421	451	31	reverse
Measels VA probe	MZ483884 - M gene	421	451	31	reverse
Measels VA probe	MZ483882 - M gene	421	451	31	reverse
Measels VA probe	MZ483880 - M gene	421	451	31	reverse
Measels VA probe	MZ442629 - M gene	421	451	31	reverse
